ticker,long_name,short_name,unit
AKDCM1 Index,Bloomberg Fair Value/Sing Jet Kerosene FOB Crg vs Dubai 1st Line Crck Future M1,Sin Jet Ker Cr Dub 1st Cr M1,USD/barrel
AKDCM2 Index,Bloomberg Fair Value/Sing Jet Kerosene FOB Crg vs Dubai 1st Line Crck Future M2,Sin Jet Ker Cr Dub 1st Cr M2,USD/barrel
AKDCM3 Index,Bloomberg Fair Value/Sing Jet Kerosene FOB Crg vs Dubai 1st Line Crck Future M3,Sin Jet Ker Cr Dub 1st Cr M3,USD/barrel
AKDCM4 Index,Bloomberg Fair Value/Sing Jet Kerosene FOB Crg vs Dubai 1st Line Crck Future M4,Sin Jet Ker Cr Dub 1st Cr M4,USD/barrel
AKDCM5 Index,Bloomberg Fair Value/Sing Jet Kerosene FOB Crg vs Dubai 1st Line Crck Future M5,Sin Jet Ker Cr Dub 1st Cr M5,USD/barrel
AKDCM6 Index,Bloomberg Fair Value/Sing Jet Kerosene FOB Crg vs Dubai 1st Line Crck Future M6,Sin Jet Ker Cr Dub 1st Cr M6,USD/barrel
CL1 Comdty,#N/A Field Not Applicable,Generic 1st 'CL' Future,USD/bbl.
CL2 Comdty,#N/A Field Not Applicable,Generic 2nd 'CL' Future,USD/bbl.
CL3 Comdty,#N/A Field Not Applicable,Generic 3rd 'CL' Future,USD/bbl.
CL4 Comdty,#N/A Field Not Applicable,Generic 4th 'CL' Future,USD/bbl.
CL5 Comdty,#N/A Field Not Applicable,Generic 5th 'CL' Future,USD/bbl.
CL6 Comdty,#N/A Field Not Applicable,Generic 6th 'CL' Future,USD/bbl.
CO1 Comdty,#N/A Field Not Applicable,Generic 1st 'CO' Future,USD/bbl.
CO2 Comdty,#N/A Field Not Applicable,Generic 2nd 'CO' Future,USD/bbl.
CO3 Comdty,#N/A Field Not Applicable,Generic 3rd 'CO' Future,USD/bbl.
CO4 Comdty,#N/A Field Not Applicable,Generic 4th 'CO' Future,USD/bbl.
CO5 Comdty,#N/A Field Not Applicable,Generic 5th 'CO' Future,USD/bbl.
CO6 Comdty,#N/A Field Not Applicable,Generic 6th 'CO' Future,USD/bbl.
DJISM1 Index,BFV/Asia Jet FOB Singapore Cargo vs ICE Gasoil Spread M1,BFV Jet vs GO Spread M1,USD/barrel
DJISM2 Index,BFV/Asia Jet FOB Singapore Cargo vs ICE Gasoil Spread M2,BFV Jet vs GO Spread M2,USD/barrel
DJISM3 Index,BFV/Asia Jet FOB Singapore Cargo vs ICE Gasoil Spread M3,BFV Jet vs GO Spread M3,USD/barrel
DJISM4 Index,BFV/Asia Jet FOB Singapore Cargo vs ICE Gasoil Spread M4,BFV Jet vs GO Spread M4,USD/barrel
DJISM5 Index,BFV/Asia Jet FOB Singapore Cargo vs ICE Gasoil Spread M5,BFV Jet vs GO Spread M5,USD/barrel
DJISM6 Index,BFV/Asia Jet FOB Singapore Cargo vs ICE Gasoil Spread M6,BFV Jet vs GO Spread M6,USD/barrel
DOEBDIST Index,DOE Total US Distillate Fuel Exports,DOE Total US Dist Fuel Exports,1000 Barrels/Day
DOEBKJET Index,DOE Total US Kerosene-type Jet Fuel Exports,DOE Total US Jet Fuel Exports,1000 Barrels/Day
DOEIABP1 Index,DOE All Other Blending Components Import Data/PADD 1,All Other Blending Comp/PADD 1,1000 Barrels/Day
DOEIABP2 Index,DOE All Other Blending Components Import Data/PADD 2,All Other Blending Comp/PADD 2,1000 Barrels/Day
DOEIABP3 Index,DOE All Other Blending Components Import Data/PADD 3,All Other Blending Comp/PADD 3,1000 Barrels/Day
DOEIABP4 Index,DOE All Other Blending Components Import Data/PADD 4,All Other Blending Comp/PADD 4,1000 Barrels/Day
DOEIABP5 Index,DOE All Other Blending Components Import Data/PADD 5,All Other Blending Comp/PADD 5,1000 Barrels/Day
DOEIBCP1 Index,DOE Blending Components Import Data/PADD 1,Blending Comp Imports/PADD 1,1000 Barrels/Day
DOEIBCP2 Index,DOE Blending Components Import Data/PADD 2,Blending Comp Imports/PADD 2,1000 Barrels/Day
DOEIBCP3 Index,DOE Blending Components Import Data/PADD 3,Blending Comp Imports/PADD 3,1000 Barrels/Day
DOEIBCP4 Index,DOE Blending Components Import Data/PADD 4,Blending Comp Imports/PADD 4,1000 Barrels/Day
DOEIBCP5 Index,DOE Blending Components Import Data/PADD 5,Blending Comp Imports/PADD 5,1000 Barrels/Day
DOEIBLND Index,DOE Oil Blending Components Total Import Data,DOE Tot Oil Blndg Cmpnts Imprt,1000 Barrels/Day
DOEICBOB Index,DOE CBOB Gasoline Total Import Data,CBOB Imprts,1000 Barrels/Day
DOEICBP1 Index,DOE CBOB Gasoline Import Data/PADD 1,CBOB Imports/PADD 1,1000 Barrels/Day
DOEICBP2 Index,DOE CBOB Gasoline Import Data/PADD 2,CBOB Imports/PADD 2,1000 Barrels/Day
DOEICBP3 Index,DOE CBOB Gasoline Import Data/PADD 3,CBOB Imports/PADD 3,1000 Barrels/Day
DOEICBP4 Index,DOE CBOB Gasoline Import Data/PADD 4,CBOB Imports/PADD 4,1000 Barrels/Day
DOEICBP5 Index,DOE CBOB Gasoline Import Data/PADD 5,CBOB Imports/PADD 5,1000 Barrels/Day
DOEICESP Index,DOE Crude Oil Total Imports Excluding Strategic Reserves Data,DOE Tot Crud Imp Ex Strtgc Rsv,1000 Barrels/Day
DOEICISP Index,DOE Crude Oil Total Imports Including Strategic Reserves Data,DOE Tot Crud Imp In Strtgc Rsv,1000 Barrels/Day
DOEICON1 Index,DOE Conventional Gasoline Import Data/PADD 1,Conventional Imports/PADD 1,1000 Barrels/Day
DOEICON2 Index,DOE Conventional Gasoline Import Data/PADD 2,Conventional Imports/PADD 2,1000 Barrels/Day
DOEICON3 Index,DOE Conventional Gasoline Import Data/PADD 3,Conventional Imports/PADD 3,1000 Barrels/Day
DOEICON4 Index,DOE Conventional Gasoline Import Data/PADD 4,Conventional Imports/PADD 4,1000 Barrels/Day
DOEICON5 Index,DOE Conventional Gasoline Import Data/PADD 5,Conventional Imports/PADD 5,1000 Barrels/Day
DOEICOOT Index,DOE Other Conventional Gasoline Total Import Data,Other Conventional Imprts,1000 Barrels/Day
DOEICOWA Index,DOE Conventional Gasoline with Alcohol Total Import Data,Conventional w Alc Imprts,1000 Barrels/Day
DOEICRP1 Index,DOE Crude Oil Import Data/PADD 1,DOE Crude Oil Imports/PADD 1,1000 Barrels/Day
DOEICRP2 Index,DOE Crude Oil Import Data/PADD 2,DOE Crude Oil Imports/PADD 2,1000 Barrels/Day
DOEICRP3 Index,DOE Crude Oil Import Data/PADD 3,DOE Crude Oil Imports/PADD 3,1000 Barrels/Day
DOEICRP4 Index,DOE Crude Oil Import Data/PADD 4,DOE Crude Oil Imports/PADD 4,1000 Barrels/Day
DOEICRP5 Index,DOE Crude Oil Import Data/PADD 5,DOE Crude Oil Imports/PADD 5,1000 Barrels/Day
DOEICWA1 Index,DOE Conventional Gasoline with Alcohol Import Data/PADD 1,Conv w Alcohol Imprts/PADD 1,1000 Barrels/Day
DOEICWA2 Index,DOE Conventional Gasoline with Alcohol Import Data/PADD 2,Conv w Alcohol Imprts/PADD 2,1000 Barrels/Day
DOEICWA3 Index,DOE Conventional Gasoline with Alcohol Import Data/PADD 3,Conv w Alcohol Imprts/PADD 3,1000 Barrels/Day
DOEICWA4 Index,DOE Conventional Gasoline with Alcohol Import Data/PADD 4,Conv w Alcohol Imprts/PADD 4,1000 Barrels/Day
DOEICWA5 Index,DOE Conventional Gasoline with Alcohol Import Data/PADD 5,Conv w Alcohol Imprts/PADD 5,1000 Barrels/Day
DOEIDG15 Index,DOE Greater Than .0015% to .05% Sulfur Diesel Import Data,> 15ppm to 500ppm Imports,1000 Barrels/Day
DOEIDG21 Index,DOE Greater Than .20% Sulfur Diesel Import Data/PADD 1,> 20% Sulfur Imports/PADD1,000 barrels/day
DOEIDG22 Index,DOE Greater Than .20% Sulfur Diesel Import Data/PADD 2,> 20% Sulfur Imports/PADD2,000 barrels/day
DOEIDG23 Index,DOE Greater Than .20% Sulfur Diesel Import Data/PADD 3,> 20% Sulfur Imports/PADD3,000 barrels/day
DOEIDG24 Index,DOE Greater Than .20% Sulfur Diesel Import Data/PADD 4,> 20% Sulfur Imports/PADD4,000 barrels/day
DOEIDG25 Index,DOE Greater Than .20% Sulfur Diesel Import Data/PADD 5,> 20% Sulfur Imports/PADD5,000 barrels/day
DOEIDG52 Index,DOE Greater Than 0.05% to .20% Sulfur Diesel Import Data,> 05 2% Sulfur Imports,1000 Barrels/Day
DOEIDIG2 Index,DOE Greater Than .20% Sulfur Diesel Import Data,> 20% Sulfur Imports,1000 Barrels/Day
DOEIDIS1 Index,DOE Distillates Import Data/PADD 1,Distillates Imports/PADD 1,1000 Barrels/Day
DOEIDIS2 Index,DOE Distillates Import Data/PADD 2,Distillates Imports/PADD 2,1000 Barrels/Day
DOEIDIS3 Index,DOE Distillates Import Data/PADD 3,Distillates Imports/PADD 3,1000 Barrels/Day
DOEIDIS4 Index,DOE Distillates Import Data/PADD 4,Distillates Imports/PADD 4,1000 Barrels/Day
DOEIDIS5 Index,DOE Distillates Import Data/PADD 5,Distillates Imports/PADD 5,1000 Barrels/Day
DOEIDIST Index,DOE Distillate Fuel Oil Total Import Data,DOE Tot Dist Fuel Oil Imports,1000 Barrels/Day
DOEIDL15 Index,DOE Distillate Ultra Low Sulfur Diesel Total Import Data,Ultra LSD Imports,1000 Barrels/Day
DOEIE5P1 Index,US DOE Conventional Gasoline Ed55 and Lower Imports/PADD1,DOE Ed55 & Lower Imports PADD1,'000 barrels/day
DOEIE5P2 Index,US DOE Conventional Gasoline Ed55 and Lower Imports/PADD2,DOE Ed55 & Lower Imports PADD2,'000 barrels/day
DOEIE5P3 Index,US DOE Conventional Gasoline Ed55 and Lower Imports/PADD3,DOE Ed55 & Lower Imports PADD3,'000 barrels/day
DOEIE5P4 Index,US DOE Conventional Gasoline Ed55 and Lower Imports/PADD4,DOE Ed55 & Lower Imports PADD4,'000 barrels/day
DOEIE5P5 Index,US DOE Conventional Gasoline Ed55 and Lower Imports/PADD5,DOE Ed55 & Lower Imports PADD5,'000 barrels/day
DOEIED55 Index,US DOE Conventional Gasoline Ed55 and Lower Total Imports,DOE Conventional Ed55 Imports,'000 barrels/day
DOEIFEP1 Index,US DOE Fuel Ethanol Imports Data/PADD1,DOE Fuel Ethanol Imports PADD1,'000 barrels/day
DOEIFEP2 Index,US DOE Fuel Ethanol Imports Data/PADD2,DOE Fuel Ethanol Imports PADD2,'000 barrels/day
DOEIFEP3 Index,US DOE Fuel Ethanol Imports Data/PADD3,DOE Fuel Ethanol Imports PADD3,'000 barrels/day
DOEIFEP4 Index,US DOE Fuel Ethanol Imports Data/PADD4,DOE Fuel Ethanol Imports PADD4,'000 barrels/day
DOEIFEP5 Index,US DOE Fuel Ethanol Imports Data/PADD5,DOE Fuel Ethanol Imports PADD5,'000 barrels/day
DOEIFETH Index,US DOE Fuel Ethanol Total Imports Data,DOE Fuel Ethanol Imports,'000 barrels/day
DOEIFMOG Index,US DOE Finished Motor Gasoline Total Imports Data,DOE Total Finished MoGas Imprt,1000 Barrels/Day
DOEIFMP1 Index,US DOE Finished Motor Gasoline Imports Data/PADD1,DOE Fin MoGas Import PADD1,1000 Barrels/Day
DOEIFMP2 Index,US DOE Finished Motor Gasoline Imports Data/PADD2,DOE Fin MoGas Imports PADD2,1000 Barrels/Day
DOEIFMP3 Index,US DOE Finished Motor Gasoline Imports Data/PADD3,DOE Fin MoGas Imports PADD3,1000 Barrels/Day
DOEIFMP4 Index,US DOE Finished Motor Gasoline Imports Data/PADD4,DOE Fin MoGas Imports PADD4,1000 Barrels/Day
DOEIFMP5 Index,US DOE Finished Motor Gasoline Imports Data/PADD5,DOE Fin MoGas Import PADD5,1000 Barrels/Day
DOEIG151 Index,DOE Greater Than .0015% to .05% Sulfur Diesel Import Data/PADD 1,> 15ppm to 500ppm/PADD 1,000 barrels/day
DOEIG152 Index,DOE Greater Than .0015% to .05% Sulfur Diesel Import Data/PADD 2,> 15ppm to 500ppm/PADD 2,000 barrels/day
DOEIG153 Index,DOE Greater Than .0015% to .05% Sulfur Diesel Import Data/PADD 3,> 15ppm to 500ppm/PADD 3,000 barrels/day
DOEIG154 Index,DOE Greater Than .0015% to .05% Sulfur Diesel Import Data/PADD 4,> 15ppm to 500ppm/PADD 4,000 barrels/day
DOEIG155 Index,DOE Greater Than .0015% to .05% Sulfur Diesel Import Data/PADD 5,> 15ppm to 500ppm/PADD 5,000 barrels/day
DOEIG521 Index,DOE Greater Than 0.05% to .20% Sulfur Diesel Import Data/PADD 1,> 05 2% Sulfur Imports/PADD1,000 barrels/day
DOEIG522 Index,DOE Greater Than 0.05% to .20% Sulfur Diesel Import Data/PADD 2,> 05 2% Sulfur Imports/PADD2,000 barrels/day
DOEIG523 Index,DOE Greater Than 0.05% to .20% Sulfur Diesel Import Data/PADD 3,> 05 2% Sulfur Imports/PADD3,000 barrels/day
DOEIG524 Index,DOE Greater Than 0.05% to .20% Sulfur Diesel Import Data/PADD 4,> 05 2% Sulfur Imports/PADD4,000 barrels/day
DOEIG525 Index,DOE Greater Than 0.05% to .20% Sulfur Diesel Import Data/PADD 5,> 05 2% Sulfur Imports/PADD5,000 barrels/day
DOEIGAS1 Index,DOE Motor Gasoline Import Data/PADD 1,Motor Gas Imports/PADD 1,1000 Barrels/Day
DOEIGAS2 Index,DOE Motor Gasoline Import Data/PADD 2,Motor Gas Imports/PADD 2,1000 Barrels/Day
DOEIGAS3 Index,DOE Motor Gasoline Import Data/PADD 3,Motor Gas Imports/PADD 3,1000 Barrels/Day
DOEIGAS4 Index,DOE Motor Gasoline Import Data/PADD 4,Motor Gas Imports/PADD 4,1000 Barrels/Day
DOEIGAS5 Index,DOE Motor Gasoline Import Data/PADD 5,Motor Gas Imports/PADD 5,1000 Barrels/Day
DOEIGE55 Index,US DOE Conventional Gasoline Greater than Ed55 Total Imports,DOE Conv > Ed55 Imports,'000 barrels/day
DOEIGEP1 Index,US DOE Conventional Greater than Ed55 Gasoline Imports/PADD1,DOE > Ed55 Imports PADD1,'000 barrels/day
DOEIGEP2 Index,US DOE Conventional Greater than Ed55 Gasoline Imports/PADD2,DOE > Ed55 Imports PADD2,'000 barrels/day
DOEIGEP3 Index,US DOE Conventional Greater than Ed55 Gasoline Imports/PADD3,DOE > Ed55 Imports PADD3,'000 barrels/day
DOEIGEP4 Index,US DOE Conventional Greater than Ed55 Gasoline Imports/PADD4,DOE > Ed55 Imports PADD4,'000 barrels/day
DOEIGEP5 Index,US DOE Conventional Greater than Ed55 Gasoline Imports/PADD5,DOE > Ed55 Imports PADD5,'000 barrels/day
DOEIGIP1 Index,DOE Oil Gross Imports Including Strategic Reserve Data/PADD1,DOE Total Oil Imp IncSPT PADD1,'000 barrels/day
DOEIGIP2 Index,DOE Oil Gross Imports Including Strategic Reserve Data/PADD2,DOE Total Oil Imp IncSPT PADD2,'000 barrels/day
DOEIGIP3 Index,DOE Oil Gross Imports Including Strategic Reserve Data/PADD3,DOE Total Oil Imp IncSPT PADD3,'000 barrels/day
DOEIGIP4 Index,DOE Oil Gross Imports Including Strategic Reserve Data/PADD4,DOE Total Oil Imp IncSPT PADD4,'000 barrels/day
DOEIGIP5 Index,DOE Oil Gross Imports Including Strategic Reserve Data/PADD5,DOE Total Oil Imp IncSPT PADD5,'000 barrels/day
DOEIGISP Index,DOE Gross Crude Oil and Oil Products Imports Including Strategic Reserve,DOE Grss Oil Imp Inc Strtgc Rv,'000 barrels/day
DOEIGTAB Index,US DOE GTAB Blending Component Total Import Data,DOE GTAB Bldn Comp Imports,'000 barrels/day
DOEIGTP1 Index,US DOE GTAB Blending Component Import Data/PADD1,DOE GTAB Imports PADD1,'000 barrels/day
DOEIGTP2 Index,US DOE GTAB Blending Component Imports/PADD2,DOE GTAB Imports PADD2,'000 barrels/day
DOEIGTP3 Index,US DOE GTAB Blending Component Import Data/PADD3,DOE GTAB Imports PADD3,'000 barrels/day
DOEIGTP4 Index,US DOE GTAB Blending Component Import Data/PADD4,DOE GTAB Imports PADD4,'000 barrels/day
DOEIGTP5 Index,US DOE GTAB Blending Component Import Data/PADD5,DOE GTAB Imports PADD5,'000 barrels/day
DOEIJET1 Index,DOE Jet Kerosene Import Data/PADD 1,Jet Kerosene Imports/PADD 1,1000 Barrels/Day
DOEIJET2 Index,DOE Jet Kerosene Import Data/PADD 2,Jet Kerosene Imports/PADD 2,1000 Barrels/Day
DOEIJET3 Index,DOE Jet Kerosene Import Data/PADD 3,Jet Kerosene Imports/PADD 3,1000 Barrels/Day
DOEIJET4 Index,DOE Jet Kerosene Import Data/PADD 4,Jet Kerosene Imports/PADD 4,1000 Barrels/Day
DOEIJET5 Index,DOE Jet Kerosene Import Data/PADD 5,Jet Kerosene Imports/PADD 5,1000 Barrels/Day
DOEIJETK Index,DOE Jet Fuel Kerosene Total Import Data,DOE Tot Jet Fuel Kero Imports,1000 Barrels/Day
DOEIKERO Index,US DOE Total Kerosene Imports Data,DOE Total Kerosene Imports,'000 barrels/day
DOEIL151 Index,DOE Distillate Ultra Low Sulfur Diesel Import Data/PADD1,Ultra LSD Imports/PADD1,1000 Barrels/Day
DOEIL152 Index,DOE Distillate Ultra Low Sulfur Diesel Import Data/PADD2,Ultra LSD Imports/PADD2,1000 Barrels/Day
DOEIL153 Index,DOE Distillate Ultra Low Sulfur Diesel Import Data/PADD3,Ultra LSD Imports/PADD3,1000 Barrels/Day
DOEIL154 Index,DOE Distillate Ultra Low Sulfur Diesel Import Data/PADD4,Ultra LSD Imports/PADD4,1000 Barrels/Day
DOEIL155 Index,DOE Distillate Ultra Low Sulfur Diesel Import Data/PADD5,Ultra LSD Imports/PADD5,1000 Barrels/Day
DOEILRGS Index,US DOE NGPLs/LRGs Total Imports Data,DOE NGPLs/LRGs Total Imports,'000 barrels/day
DOEIMGAS Index,DOE Motor Gasoline Total Import Data,DOE Total Motor Gas Imports,1000 Barrels/Day
DOEINICR Index,US DOE Crude Oil Net Imports Including Strategic Petroleum Reserve,DOE Crude Net Imports Inc SPR,1000 Barrels/Day
DOEINIPR Index,US DOE Refined Products Net Imports Including Strategic Petroleum Reserve,DOE Net Ref Prod Imprt IncSPR,1000 Barrels/Day
DOEIOCP1 Index,DOE Other Conventional Gasoline Import Data/PADD 1,Oth Conventional Imprts/PADD 1,1000 Barrels/Day
DOEIOCP2 Index,DOE Other Conventional Gasoline Import Data/PADD 2,Oth Conventional Imprts/PADD 2,1000 Barrels/Day
DOEIOCP3 Index,DOE Other Conventional Gasoline Import Data/PADD 3,Oth Conventional Imprts/PADD 3,1000 Barrels/Day
DOEIOCP4 Index,DOE Other Conventional Gasoline Import Data/PADD 4,Oth Conventional Imprts/PADD 4,1000 Barrels/Day
DOEIOCP5 Index,DOE Other Conventional Gasoline Import Data/PADD 5,Oth Conventional Imprts/PADD 5,1000 Barrels/Day
DOEIOOP1 Index,US DOE Other Oils Import Data/PADD1,DOE Other Oil Imports PADD1,'000 barrels/day
DOEIOOP2 Index,US DOE Other Oils Import Data/PADD2,DOE Other Oils Imports PADD2,'000 barrels/day
DOEIOOP3 Index,US DOE Other Oils Import Data/PADD3,DOE Other Oil Imports PADD3,'000 barrels/day
DOEIOOP4 Index,US DOE Other Oils Import Data/PADD4,DOE Other Oil Imports PADD4,'000 barrels/day
DOEIOOP5 Index,US DOE Other Oils Import Data/PADD5,DOE Other Oil Imports PADD5,'000 barrels/day
DOEIOTBL Index,DOE All Other Blending Components Total Import Data,All Other Blending Components,1000 Barrels/Day
DOEIOTHF Index,DOE Other Finished Gasoline Total Import Data,DOE Tot Oth Fnshd Gas Imports,1000 Barrels/Day
DOEIOTOI Index,US DOE Other Oils Total Imports,DOE Other Oils Total Imports,'000 barrels/day
DOEIOTRF Index,US DOE Other Reformulated Motor Gasoline Total Imports,DOE Other Reform MoGas Imports,1000 Barrels/Day
DOEIPPPR Index,DOE Propane and Propylene Total Import Data,Propane & Propylene Imprts,1000 Barrels/Day
DOEIPR45 Index,DOE Propane and Propylene Import Data/PADDs 4 and 5,Propane & Propylene Imprts/P45,'000 barrels/day
DOEIPRP1 Index,DOE Propane and Propylene Import Data/PADD 1,Propane & Propylene Imprts/P1,1000 Barrels/Day
DOEIPRP2 Index,DOE Propane and Propylene Import Data/PADD 2,Propane & Propylene Imprts/P2,1000 Barrels/Day
DOEIPRP3 Index,DOE Propane and Propylene Import Data/PADD 3,Propane & Propylene Imprts/P3,1000 Barrels/Day
DOEIRBOB Index,US DOE RBOB Blending Component Total Import Data,DOE RBOB Blend Comp Inports,'000 barrels/day
DOEIRBP1 Index,US DOE RBOB Blending Component Import Data/PADD1,DOE RBOB Imports PADD1,'000 barrels/day
DOEIRBP2 Index,US DOE RBOB Blending Component Import Data/PADD2,DOE RBOB Imports PADD2,'000 barrels/day
DOEIRBP3 Index,US DOE RBOB Blending Component Import Data/PADD3,DOE RBOB Imports PADD3,'000 barrels/day
DOEIRBP4 Index,US DOE RBOB Blending Component Import Data/PADD4,DOE RBOB Imports PADD4,'000 barrels/day
DOEIRBP5 Index,US DOE RBOB Blending Component Import Data/PADD5,DOE RBOB Imports PADD5,'000 barrels/day
DOEIREA1 Index,DOE Gasoline Reformulated with Alcohol Import Data/PADD 1,RFG w Alcohol Imports/PADD 1,1000 Barrels/Day
DOEIREA2 Index,DOE Gasoline Reformulated with Alcohol Import Data/PADD 2,RFG w Alcohol Imports/PADD 2,1000 Barrels/Day
DOEIREA3 Index,DOE Gasoline Reformulated with Alcohol Import Data/PADD 3,RFG w Alcohol Imports/PADD 3,1000 Barrels/Day
DOEIREA4 Index,DOE Gasoline Reformulated with Alcohol Import Data/PADD 4,RFG w Alcohol Imports/PADD 4,1000 Barrels/Day
DOEIREA5 Index,DOE Gasoline Reformulated with Alcohol Import Data/PADD 5,RFG w Alcohol Imports/PADD 5,1000 Barrels/Day
DOEIREF1 Index,US DOE Reformulated Gasoline Import Data/PADD 1,RFG Imports/PADD 1,1000 Barrels/Day
DOEIREF2 Index,US DOE Reformulated Gasoline Import Data/PADD 2,RFG Imports/PADD 2,1000 Barrels/Day
DOEIREF3 Index,US DOE Reformulated Gasoline Import Data/PADD 3,RFG Imports/PADD 3,1000 Barrels/Day
DOEIREF4 Index,US DOE Reformulated Gasoline Import Data/PADD 4,RFG Imports/PADD 4,1000 Barrels/Day
DOEIREF5 Index,US DOE Reformulated Gasoline Import Data/PADD 5,RFG Imports/PADD 5,1000 Barrels/Day
DOEIREFM Index,US DOE Reformulated Gasoline Total Import Data,DOE Total Ref Gas Imports,1000 Barrels/Day
DOEIRES1 Index,US DOE Residual Fuel Import Data/PADD 1,Residual Fuel Imports/PADD 1,1000 Barrels/Day
DOEIRES2 Index,US DOE Residual Fuel Import Data/PADD 2,Residual Fuel Imports/PADD 2,1000 Barrels/Day
DOEIRES3 Index,US DOE Residual Fuel Import Data/PADD 3,Residual Fuel Imports/PADD 3,1000 Barrels/Day
DOEIRES4 Index,US DOE Residual Fuel Import Data/PADD 4,Residual Fuel Imports/PADD 4,1000 Barrels/Day
DOEIRES5 Index,US DOE Residual Fuel Import Data/PADD 5,Residual Fuel Imports/PADD 5,1000 Barrels/Day
DOEIRESD Index,US DOE Residual Fuel Oil Total Import Data,DOE Tot Resid Fuel Oil Imports,1000 Barrels/Day
DOEIREWA Index,DOE Gasoline Reformulated with Alcohol Total Import Data,RFG w Alcohol Imprts,1000 Barrels/Day
DOEIRFO1 Index,US DOE Other Reformulated Motor Gasoline Imports/PADD1,DOE Other Reform Imports PADD1,1000 Barrels/Day
DOEIRFO2 Index,US DOE Other Reformulated Motor Gasoline Imports/PADD2,DOE Other Reform Imports PADD2,1000 Barrels/Day
DOEIRFO3 Index,US DOE Other Reformulated Motor Gasoline Imports/PADD3,DOE Other Reform Imports PADD3,1000 Barrels/Day
DOEIRFO4 Index,US DOE Other Reformulated Motor Gasoline Imports/PADD4,DOE Other Reform Imports PADD4,1000 Barrels/Day
DOEIRFO5 Index,US DOE Other Reformulated Motor Gasoline Imports/PADD5,DOE Other Reform Imports PADD5,1000 Barrels/Day
DOEISPR Index,DOE Strategic Petroleum Reserve Total Import Data,DOE Tot Strtgc Petrlm Rsrv Imp,1000 Barrels/Day
DOEISPRO Index,US DOE Imports into the Strategic Petroleum Reserve by Others,DOE Imports into SPR by Others,1000 Barrels/Day
DOEITRP1 Index,US DOE Refined Product Import Data/PADD1,DOE Total Ref Prod Imp PADD1,'000 barrels/day
DOEITRP2 Index,US DOE Refined Product Import Data/PADD2,DOE Total Ref Prod Imp PADD2,'000 barrels/day
DOEITRP3 Index,US DOE Refined Product Import Data/PADD3,DOE Total Ref Prod Imp PADD3,'000 barrels/day
DOEITRP4 Index,US DOE Refined Product Import Data/PADD4,DOE Total Ref Prod Imp PADD4,'000 barrels/day
DOEITRP5 Index,US DOE Refined Product Import Data/PADD5,DOE Total Ref Prod Imp PADD5,'000 barrels/day
DOEITRPR Index,US DOE Refined Product Total Import Data,DOE Total Refined Prod Imports,1000 Barrels/Day
DOEPCRIN Index,DOE Crude Oil Total Refinery Input Data,Total Crude Refinery Inputs,'000 barrels/day
DOEPCRP1 Index,DOE Crude Oil Refinery Input Data/PADD 1,Crude Refinery Input/PADD 1,'000 barrels/day
DOEPCRP2 Index,DOE Crude Oil Refinery Input Data/PADD 2,Crude Refinery Input/PADD 2,'000 barrels/day
DOEPCRP3 Index,DOE Crude Oil Refinery Input Data/PADD 3,Crude Refinery Input/PADD 3,'000 barrels/day
DOEPCRP4 Index,DOE Crude Oil Refinery Input Data/PADD 4,Crude Refinery Input/PADD 4,'000 barrels/day
DOEPCRP5 Index,DOE Crude Oil Refinery Input Data/PADD 5,Crude Refinery Input/PADD 5,'000 barrels/day
DOEPGRIN Index,DOE Gross Oil Total Refinery Input to Distillation Data,Total Gross Ref Input to Dist,'000 barrels/day
DOEPGRP1 Index,DOE Gross Oil Refinery Input to Distillation Data/PADD 1,Oil Refinery Input to Dist/P1,'000 barrels/day
DOEPGRP2 Index,DOE Gross Oil Refinery Input to Distillation Data/PADD 2,Oil Refinery Input to Dist/P2,'000 barrels/day
DOEPGRP3 Index,DOE Gross Oil Refinery Input to Distillation Data/PADD 3,Oil Refinery Input to Dist/P3,'000 barrels/day
DOEPGRP4 Index,DOE Gross Oil Refinery Input to Distillation Data/PADD 4,Oil Refinery Input to Dist/P4,'000 barrels/day
DOEPGRP5 Index,DOE Gross Oil Refinery Input to Distillation Data/PADD 5,Oil Refinery Input to Dist/P5,'000 barrels/day
DOEPOPCP Index,DOE Operable Refinery Capacity Totals Data,Total Operable Refinery Capac,'000 barrels/day
DOEPOPP1 Index,DOE Operable Refinery Capacity PADD1 Data,Operable Refinery Cap PADD1,'000 barrels/day
DOEPOPP2 Index,DOE Operable Refinery Capacity PADD2 Data,Operable Refinery Cap PADD2,'000 barrels/day
DOEPOPP3 Index,DOE Operable Refinery Capacity PADD3 Data,Operable Refinery Cap PADD3,'000 barrels/day
DOEPOPP4 Index,DOE Operable Refinery Capacity PADD4 Data,Operable Refinery Cap PADD4,'000 barrels/day
DOEPOPP5 Index,DOE Operable Refinery Capacity PADD5 Data,Operable Refinery Cap PADD5,'000 barrels/day
DOEPPCP1 Index,DOE Percent Utilization Refinery Operable Capacity Data/PADD1,% Util Refinery Op Cap PADD1,Percent
DOEPPCP2 Index,DOE Percent Utilization Refinery Operable Capacity Data/PADD2,% Util Refinery Op Cap PADD2,Percent
DOEPPCP3 Index,DOE Percent Utilization Refinery Operable Capacity Data/PADD3,% Util Refinery Op Cap PADD3,Percent
DOEPPCP4 Index,DOE Percent Utilization Refinery Operable Capacity Data/PADD4,% Util Refinery Op Cap PADD4,Percent
DOEPPCP5 Index,DOE Percent Utilization Refinery Operable Capacity Data/PADD5,% Util Refinery Op Cap PADD 5,Percent
DOEPPERC Index,DOE Percent Utilization Refinery Operable Capacity Data,% Util Refinery Operable Capac,Percent
DOESDIS1 Index,DOE Distillate Fuel Oil Inventory Data/PADD 1,DOE Fuel Oil Inventory/Dist 1,'000 barrels
DOESDIS2 Index,DOE Distillate Fuel Oil Inventory Data/PADD 2,DOE Fuel Oil Inventory/Dist 2,'000 barrels
DOESDIS3 Index,DOE Distillate Fuel Oil Inventory Data/PADD 3,DOE Fuel Oil Inventory/Dist 3,'000 barrels
DOESDIS4 Index,DOE Distillate Fuel Oil Inventory Data/PADD 4,DOE Fuel Oil Inventory/Dist 4,'000 barrels
DOESDIS5 Index,DOE Distillate Fuel Oil Inventory Data/PADD 5,DOE Fuel Oil Inventory/Dist 5,'000 barrels
DOESDIST Index,DOE Distillate Fuel Oil Total Inventory Data,DOE Dist Fuel Oil Tot Invent,'000 barrels
DOESESPR Index,DOE Product Inventory Total Excluding Strategic Petroleum Reserve (SPR) Data,DOE Tot Prod Inventory Exc SPR,'000 barrels
DOESFETH Index,DOE Total Fuel Ethanol Inventory Data,DOE Total Fuel Ethanol Stocks,'000 barrels
DOESISPR Index,DOE Product Inventory Total Including Strategic Petroleum Reserve(SPR)Data,DOE Tot Prod Inventory Inc SPR,'000 barrels
DOESJET1 Index,DOE Jet Kerosene Inventory Data/PADD 1,DOE Jet Kero Inventory/Dist 1,'000 barrels
DOESJET2 Index,DOE Jet Kerosene Inventory Data/PADD 2,DOE Jet Kero Inventory/Dist 2,'000 barrels
DOESJET3 Index,DOE Jet Kerosene Inventory Data/PADD 3,DOE Jet Kero Inventory/Dist 3,'000 barrels
DOESJET4 Index,DOE Jet Kerosene Inventory Data/PADD 4,DOE Jet Kero Inventory/Dist 4,'000 barrels
DOESJET5 Index,DOE Jet Kerosene Inventory Data/PADD 5,DOE Jet Kero Inventory/Dist 5,'000 barrels
DOESJETK Index,DOE Jet Kerosene Total Inventory Data,DOE Total Jet Kero Inventory,'000 barrels
DOESOTHE Index,DOE Other Oils Total Inventory Data,DOE Total Other Oil Inventory,'000 barrels
DOESPPEX Index,DOE Propane and Propylene Stocks Excluding Propylene at Terminal,Propne Propyl Stocks Ex Term,#N/A Field Not Applicable
DOESRESD Index,US DOE Residual Fuel Oil Total Inventory Data,DOE Totl Residual FO Inventory,'000 barrels
DOESTCRD Index,DOE Crude Oil Total Inventory Data (including Strategic Petroleum Reserve),DOE Crude Oil Stocks Incl. SPR,'000 barrels
DOESTMGS Index,DOE Motor Gasoline Total Inventory Data,DOE Total Motor Gas Inventory,'000 barrels
FCHSM1 Index,Bloomberg Fair Value Price/CARB Diesel - Nymex HO Differential Month 1,CARB Diesel-HO  FV Month 1,USd/gallon
FCHSM2 Index,Bloomberg Fair Value Price/CARB Diesel - Nymex HO Differential Month 2,CARB Diesel-HO  FV Month 2,USd/gallon
FCHSM3 Index,Bloomberg Fair Value Price/CARB Diesel - Nymex HO Differential Month 3,CARB Diesel-HO  FV Month 3,USd/gallon
FCHSM4 Index,Bloomberg Fair Value Price/CARB Diesel - Nymex HO Differential Month 4,CARB Diesel-HO  FV Month 4,USd/gallon
FCHSM5 Index,Bloomberg Fair Value Price/CARB Diesel - Nymex HO Differential Month 5,CARB Diesel-HO  FV Month 5,USd/gallon
FCHSM6 Index,Bloomberg Fair Value Price/CARB Diesel - Nymex HO Differential Month 6,CARB Diesel-HO  FV Month 6,USd/gallon
FDOSM1 Index,Bloomberg Fair Value Price/DOE Diesel-Nymex Heating Oil Diff Month 1,DOE Diesel-Nymex HO Fair Value,USd/gallon
FDOSM2 Index,Bloomberg Fair Value Price/DOE Diesel-Nymex Heating Oil Diff Month 2,DOE Diesel-Nymex HO Fair Value,USd/gallon
FDOSM3 Index,Bloomberg Fair Value Price/DOE Diesel-Nymex Heating Oil Diff Month 3,DOE Diesel-Nymex HO Fair Value,USd/gallon
FDOSM4 Index,Bloomberg Fair Value Price/DOE Diesel-Nymex Heating Oil Diff Month 4,DOE Diesel-Nymex HO Fair Value,USd/gallon
FDOSM5 Index,Bloomberg Fair Value Price/DOE Diesel-Nymex Heating Oil Diff Month 5,DOE Diesel-Nymex HO Fair Value,USd/gallon
FDOSM6 Index,Bloomberg Fair Value Price/DOE Diesel-Nymex Heating Oil Diff Month 6,DOE Diesel-Nymex HO Fair Value,USd/gallon
FEJSM1 Index,Bloomberg Fair Value Price/Med Jet-ICE Gasoil Spread Month 1,Med Jet- ICE Gasoil Fair Value,USD/metric tonne
FEJSM2 Index,Bloomberg Fair Value Price/Med Jet-ICE Gasoil Spread Month 2,Med Jet- ICE Gasoil Fair Value,USD/metric tonne
FEJSM3 Index,Bloomberg Fair Value Price/Med Jet-ICE Gasoil Spread Month 3,Med Jet- ICE Gasoil Fair Value,USD/metric tonne
FEJSM4 Index,Bloomberg Fair Value Price/Med Jet-ICE Gasoil Spread Month 4,Med Jet- ICE Gasoil Fair Value,USD/metric tonne
FEJSM5 Index,Bloomberg Fair Value Price/Med Jet-ICE Gasoil Spread Month 5,Med Jet- ICE Gasoil Fair Value,USD/metric tonne
FEJSM6 Index,Bloomberg Fair Value Price/Med Jet-ICE Gasoil Spread Month 6,Med Jet- ICE Gasoil Fair Value,USD/metric tonne
FGCSM1 Index,Bloomberg Fair Value Price/Distillate Up-Down Diff Month 1,Distillate Up-Down Fair Value,USd/gallon
FGCSM2 Index,Bloomberg Fair Value Price/Distillate Up-Down Diff Month 2,Distillate Up-Down Fair Value,USd/gallon
FGCSM3 Index,Bloomberg Fair Value Price/Distillate Up-Down Diff Month 3,Distillate Up-Down Fair Value,USd/gallon
FGCSM4 Index,Bloomberg Fair Value Price/Distillate Up-Down Diff Month 4,Distillate Up-Down Fair Value,USd/gallon
FGCSM5 Index,Bloomberg Fair Value Price/Distillate Up-Down Diff Month 5,Distillate Up-Down Fair Value,USd/gallon
FGCSM6 Index,Bloomberg Fair Value Price/Distillate Up-Down Diff Month 6,Distillate Up-Down Fair Value,USd/gallon
FGJSM1 Index,Bloomberg Fair Value Price/Gulf Coast Jet Fuel-Nymex Heating Oil Diff Month 1,USGC Jet Fuel-Nymex HO Fair Va,USd/gallon
FGJSM2 Index,Bloomberg Fair Value Price/Gulf Coast Jet Fuel-Nymex Heating Oil Diff Month 2,USGC Jet Fuel-Nymex HO Fair Va,USd/gallon
FGJSM3 Index,Bloomberg Fair Value Price/Gulf Coast Jet Fuel-Nymex Heating Oil Diff Month 3,USGC Jet Fuel-Nymex HO Fair Va,USd/gallon
FGJSM4 Index,Bloomberg Fair Value Price/Gulf Coast Jet Fuel-Nymex Heating Oil Diff Month 4,USGC Jet Fuel-Nymex HO Fair Va,USd/gallon
FGJSM5 Index,Bloomberg Fair Value Price/Gulf Coast Jet Fuel-Nymex Heating Oil Diff Month 5,USGC Jet Fuel-Nymex HO Fair Va,USd/gallon
FGJSM6 Index,Bloomberg Fair Value Price/Gulf Coast Jet Fuel-Nymex Heating Oil Diff Month 6,USGC Jet Fuel-Nymex HO Fair Va,USd/gallon
FJMNM1 Index,Bloomberg Fair Value/European Jet FOB Med Cargo vs Jet CIF NWE Cargo Spread M1,Jet Med FOB vs Jet NWE CIF M1,USD/metric tonne
FJMNM2 Index,Bloomberg Fair Value/European Jet FOB Med Cargo vs Jet CIF NWE Cargo Spread M2,Jet Med FOB vs Jet NWE CIF M2,USD/metric tonne
FJMNM3 Index,Bloomberg Fair Value/European Jet FOB Med Cargo vs Jet CIF NWE Cargo Spread M3,Jet Med FOB vs Jet NWE CIF M3,USD/metric tonne
FJMNM4 Index,Bloomberg Fair Value/European Jet FOB Med Cargo vs Jet CIF NWE Cargo Spread M4,Jet Med FOB vs Jet NWE CIF M4,USD/metric tonne
FJMNM5 Index,Bloomberg Fair Value/European Jet FOB Med Cargo vs Jet CIF NWE Cargo Spread M5,Jet Med FOB vs Jet NWE CIF M5,USD/metric tonne
FJMNM6 Index,Bloomberg Fair Value/European Jet FOB Med Cargo vs Jet CIF NWE Cargo Spread M6,Jet Med FOB vs Jet NWE CIF M6,USD/metric tonne
FJSBM1 Index,Bloomberg Fair Value/Singapore Jet FOB Cargo vs Dated Brent Crack M1,Fair Value Jet Crack  M1,USD/barrel
FJSBM2 Index,Bloomberg Fair Value/Singapore Jet FOB Cargo vs Dated Brent Crack M2,Fair Value Jet Crack  M2,USD/barrel
FJSBM3 Index,Bloomberg Fair Value/Singapore Jet FOB Cargo vs Dated Brent Crack M3,Fair Value Jet Crack  M3,USD/barrel
FJSBM4 Index,Bloomberg Fair Value/Singapore Jet FOB Cargo vs Dated Brent Crack M4,Fair Value Jet Crack  M4,USD/barrel
FJSBM5 Index,Bloomberg Fair Value/Singapore Jet FOB Cargo vs Dated Brent Crack M5,Fair Value Jet Crack  M5,USD/barrel
FJSBM6 Index,Bloomberg Fair Value/Singapore Jet FOB Cargo vs Dated Brent Crack M6,Fair Value Jet Crack  M6,USD/barrel
FLJSM1 Index,Bloomberg Fair Value Price/Los Angeles Jet Fuel-Nymex Heating Oil Diff Month 0,LA Jet Fuel-Nymex HO Fair Valu,USd/gallon
FLJSM2 Index,Bloomberg Fair Value Price/Los Angeles Jet Fuel-Nymex Heating Oil Diff Month 1,LA Jet Fuel-Nymex HO Fair Valu,USd/gallon
FLJSM3 Index,Bloomberg Fair Value Price/Los Angeles Jet Fuel-Nymex Heating Oil Diff Month 2,LA Jet Fuel-Nymex HO Fair Valu,USd/gallon
FLJSM4 Index,Bloomberg Fair Value Price/Los Angeles Jet Fuel-Nymex Heating Oil Diff Month 3,LA Jet Fuel-Nymex HO Fair Valu,USd/gallon
FLJSM5 Index,Bloomberg Fair Value Price/Los Angeles Jet Fuel-Nymex Heating Oil Diff Month 4,LA Jet Fuel-Nymex HO Fair Valu,USd/gallon
FLJSM6 Index,Bloomberg Fair Value Price/Los Angeles Jet Fuel-Nymex Heating Oil Diff Month 5,LA Jet Fuel-Nymex HO Fair Valu,USd/gallon
FNJSM1 Index,Bloomberg Fair Value Price/New York Jet Fuel-Nymex Heating Oil Diff Month 1,NY Jet Fuel-Nymex HO Fair Valu,USd/gallon
FNJSM2 Index,Bloomberg Fair Value Price/New York Jet Fuel-Nymex Heating Oil Diff Month 2,NY Jet Fuel-Nymex HO Fair Valu,USd/gallon
FNJSM3 Index,Bloomberg Fair Value Price/New York Jet Fuel-Nymex Heating Oil Diff Month 3,NY Jet Fuel-Nymex HO Fair Valu,USd/gallon
FNJSM4 Index,Bloomberg Fair Value Price/New York Jet Fuel-Nymex Heating Oil Diff Month 4,NY Jet Fuel-Nymex HO Fair Valu,USd/gallon
FNJSM5 Index,Bloomberg Fair Value Price/New York Jet Fuel-Nymex Heating Oil Diff Month 5,NY Jet Fuel-Nymex HO Fair Valu,USd/gallon
FNJSM6 Index,Bloomberg Fair Value Price/New York Jet Fuel-Nymex Heating Oil Diff Month 6,NY Jet Fuel-Nymex HO Fair Valu,USd/gallon
FSCHM1 Index,Bloomberg Fair Value Price/CARB Diesel Los Angeles Pipeline Month 1,CARB Diesel  FV Month 1,USd/gallon
FSCHM2 Index,Bloomberg Fair Value Price/CARB Diesel Los Angeles Pipeline Month 2,CARB Diesel  FV Month 2,USd/gallon
FSCHM3 Index,Bloomberg Fair Value Price/CARB Diesel Los Angeles Pipeline Month 3,CARB Diesel  FV Month 3,USd/gallon
FSCHM4 Index,Bloomberg Fair Value Price/CARB Diesel Los Angeles Pipeline Month 4,CARB Diesel  FV Month 4,USd/gallon
FSCHM5 Index,Bloomberg Fair Value Price/CARB Diesel Los Angeles Pipeline Month 5,CARB Diesel  FV Month 5,USd/gallon
FSCHM6 Index,Bloomberg Fair Value Price/CARB Diesel Los Angeles Pipeline Month 6,CARB Diesel  FV Month 6,USd/gallon
FSDOM1 Index,Bloomberg Fair Value Price/DOE US On-Highway Diesel Month 1,US On-Highway Diesel FV Month,USd/gallon
FSDOM2 Index,Bloomberg Fair Value Price/DOE US On-Highway Diesel Month 2,US On-Highway Diesel FV Month,USd/gallon
FSDOM3 Index,Bloomberg Fair Value Price/DOE US On-Highway Diesel Month 3,US On-Highway Diesel FV Month,USd/gallon
FSDOM4 Index,Bloomberg Fair Value Price/DOE US On-Highway Diesel Month 4,US On-Highway Diesel FV Month,USd/gallon
FSDOM5 Index,Bloomberg Fair Value Price/DOE US On-Highway Diesel Month 5,US On-Highway Diesel FV Month,USd/gallon
FSDOM6 Index,Bloomberg Fair Value Price/DOE US On-Highway Diesel Month 6,US On-Highway Diesel FV Month,USd/gallon
FSEJM1 Index,Bloomberg Fair Value Price/Mediterranean Jet FOB Cargo  Month 1,Med Jet FOB Cargo FV Month 1,USD/metric tonne
FSEJM2 Index,Bloomberg Fair Value Price/Mediterranean Jet FOB Cargo  Month 2,Med Jet FOB Cargo FV Month 2,USD/metric tonne
FSEJM3 Index,Bloomberg Fair Value Price/Mediterranean Jet FOB Cargo  Month 3,Med Jet FOB Cargo FV Month 3,USD/metric tonne
FSEJM4 Index,Bloomberg Fair Value Price/Mediterranean Jet FOB Cargo  Month 4,Med Jet FOB Cargo FV Month 4,USD/metric tonne
FSEJM5 Index,Bloomberg Fair Value Price/Mediterranean Jet FOB Cargo  Month 5,Med Jet FOB Cargo FV Month 5,USD/metric tonne
FSEJM6 Index,Bloomberg Fair Value Price/Mediterranean Jet FOB Cargo  Month 6,Med Jet FOB Cargo FV Month 6,USD/metric tonne
FSGCM1 Index,Bloomberg Fair Value Price/US Gulf Coast ULSD Month 1,Gulf Coast ULSD FV Month 1,USd/gallon
FSGCM2 Index,Bloomberg Fair Value Price/US Gulf Coast ULSD Month 2,Gulf Coast ULSD FV Month 2,USd/gallon
FSGCM3 Index,Bloomberg Fair Value Price/US Gulf Coast ULSD Month 3,Gulf Coast ULSD FV Month 3,USd/gallon
FSGCM4 Index,Bloomberg Fair Value Price/US Gulf Coast ULSD Month 4,Gulf Coast ULSD FV Month 4,USd/gallon
FSGCM5 Index,Bloomberg Fair Value Price/US Gulf Coast ULSD Month 5,Gulf Coast ULSD FV Month 5,USd/gallon
FSGCM6 Index,Bloomberg Fair Value Price/US Gulf Coast ULSD Month 6,Gulf Coast ULSD FV Month 6,USd/gallon
FSGJM1 Index,Bloomberg Fair Value Price/USGC Jet 54 Fuel Month 1,USGC Jet Fuel FV Month 1,USd/gallon
FSGJM2 Index,Bloomberg Fair Value Price/USGC Jet 54 Fuel Month 2,USGC Jet Fuel FV Month 2,USd/gallon
FSGJM3 Index,Bloomberg Fair Value Price/USGC Jet 54 Fuel Month 3,USGC Jet Fuel FV Month 3,USd/gallon
FSGJM4 Index,Bloomberg Fair Value Price/USGC Jet 54 Fuel Month 4,USGC Jet Fuel FV Month 4,USd/gallon
FSGJM5 Index,Bloomberg Fair Value Price/USGC Jet 54 Fuel Month 5,USGC Jet Fuel FV Month 5,USd/gallon
FSGJM6 Index,Bloomberg Fair Value Price/USGC Jet 54 Fuel Month 6,USGC Jet Fuel FV Month 6,USd/gallon
FSLJM1 Index,Bloomberg Fair Value Price/Los Angeles Jet Fuel Month 1,LA Jet Fuel FV Month 1,USd/gallon
FSLJM2 Index,Bloomberg Fair Value Price/Los Angeles Jet Fuel Month 2,LA Jet Fuel FV Month 2,USd/gallon
FSLJM3 Index,Bloomberg Fair Value Price/Los Angeles Jet Fuel Month 3,LA Jet Fuel FV Month 3,USd/gallon
FSLJM4 Index,Bloomberg Fair Value Price/Los Angeles Jet Fuel Month 4,LA Jet Fuel FV Month 4,USd/gallon
FSLJM5 Index,Bloomberg Fair Value Price/Los Angeles Jet Fuel Month 5,LA Jet Fuel FV Month 5,USd/gallon
FSLJM6 Index,Bloomberg Fair Value Price/Los Angeles Jet Fuel Month 6,LA Jet Fuel FV Month 6,USd/gallon
FSNJM1 Index,Bloomberg Fair Value Price/New York Jet Fuel Month 1,New York Jet Fuel FV Month 1,USd/gallon
FSNJM2 Index,Bloomberg Fair Value Price/New York Jet Fuel Month 2,New York Jet Fuel FV Month 2,USd/gallon
FSNJM3 Index,Bloomberg Fair Value Price/New York Jet Fuel Month 3,New York Jet Fuel FV Month 3,USd/gallon
FSNJM4 Index,Bloomberg Fair Value Price/New York Jet Fuel Month 4,New York Jet Fuel FV Month 4,USd/gallon
FSNJM5 Index,Bloomberg Fair Value Price/New York Jet Fuel Month 5,New York Jet Fuel FV Month 5,USd/gallon
FSNJM6 Index,Bloomberg Fair Value Price/New York Jet Fuel Month 6,New York Jet Fuel FV Month 6,USd/gallon
FSSKM1 Index,Bloomberg Fair Value Price/Singapore Kero FOB Cargo Month 1,Sing Kero FOB  FV Month 1,USD/barrel
FSSKM2 Index,Bloomberg Fair Value Price/Singapore Kero FOB Cargo Month 2,Sing Kero FOB  FV Month 2,USD/barrel
FSSKM3 Index,Bloomberg Fair Value Price/Singapore Kero FOB Cargo Month 3,Sing Kero FOB  FV Month 3,USD/barrel
FSSKM4 Index,Bloomberg Fair Value Price/Singapore Kero FOB Cargo Month 4,Sing Kero FOB  FV Month 4,USD/barrel
FSSKM5 Index,Bloomberg Fair Value Price/Singapore Kero FOB Cargo Month 5,Sing Kero FOB  FV Month 5,USD/barrel
FSSKM6 Index,Bloomberg Fair Value Price/Singapore Kero FOB Cargo Month 6,Sing Kero FOB  FV Month 6,USD/barrel
FSWJM1 Index,Bloomberg Fair Value Price/Northwest Europe Jet CIF Cargo  Month 1,NWE Jet CIF Cargo FV Month 1,USD/metric tonne
FSWJM2 Index,Bloomberg Fair Value Price/Northwest Europe Jet CIF Cargo  Month 2,NWE Jet CIF Cargo FV Month 2,USD/metric tonne
FSWJM3 Index,Bloomberg Fair Value Price/Northwest Europe Jet CIF Cargo  Month 3,NWE Jet CIF Cargo FV Month 3,USD/metric tonne
FSWJM4 Index,Bloomberg Fair Value Price/Northwest Europe Jet CIF Cargo  Month 4,NWE Jet CIF Cargo FV Month 4,USD/metric tonne
FSWJM5 Index,Bloomberg Fair Value Price/Northwest Europe Jet CIF Cargo  Month 5,NWE Jet CIF Cargo FV Month 5,USD/metric tonne
FSWJM6 Index,Bloomberg Fair Value Price/Northwest Europe Jet CIF Cargo  Month 6,NWE Jet CIF Cargo FV Month 6,USD/metric tonne
FUCLM1 Index,Bloomberg Fair Value US Gulf Coast Ultra-Low Sulfur Diesel WTI Crack Month 1,USGC ULSD WTI Month 1,USD/barrel
FUCLM2 Index,Bloomberg Fair Value US Gulf Coast Ultra-Low Sulfur Diesel WTI Crack Month 2,USGC ULSD WTI Month 2,USD/barrel
FUCLM3 Index,Bloomberg Fair Value US Gulf Coast Ultra-Low Sulfur Diesel WTI Crack Month 3,USGC ULSD WTI Month 3,USD/barrel
FUCLM4 Index,Bloomberg Fair Value US Gulf Coast Ultra-Low Sulfur Diesel WTI Crack Month 4,USGC ULSD WTI Month 4,USD/barrel
FUCLM5 Index,Bloomberg Fair Value US Gulf Coast Ultra-Low Sulfur Diesel WTI Crack Month 5,USGC ULSD WTI Month 5,USD/barrel
FUCLM6 Index,Bloomberg Fair Value US Gulf Coast Ultra-Low Sulfur Diesel WTI Crack Month 6,USGC ULSD WTI Month 6,USD/barrel
FUCOM1 Index,Bloomberg Fair Value US Gulf Ultra Low-Sulfur Diesel Brent Crack Month 1,USGC ULSD Brent Month 1,USD/barrel
FUCOM2 Index,Bloomberg Fair Value US Gulf Ultra Low-Sulfur Diesel Brent Crack Month 2,USGC ULSD Brent Month 2,USD/barrel
FUCOM3 Index,Bloomberg Fair Value US Gulf Ultra Low-Sulfur Diesel Brent Crack Month 3,USGC ULSD Brent Month 3,USD/barrel
FUCOM4 Index,Bloomberg Fair Value US Gulf Ultra Low-Sulfur Diesel Brent Crack Month 4,USGC ULSD Brent Month 4,USD/barrel
FUCOM5 Index,Bloomberg Fair Value US Gulf Ultra Low-Sulfur Diesel Brent Crack Month 5,USGC ULSD Brent Month 5,USD/barrel
FUCOM6 Index,Bloomberg Fair Value US Gulf Ultra Low-Sulfur Diesel Brent Crack Month 6,USGC ULSD Brent Month 6,USD/barrel
FVCCM1 Index,Bloomberg Fair Value Price/NYMEX WTI Futures minus ICE Brent Futures Month 1,WTI-Brent  FV Month 1,USD/barrel
FVCCM2 Index,Bloomberg Fair Value Price/NYMEX WTI Futures minus ICE Brent Futures Month 2,WTI-Brent  FV Month 2,USD/barrel
FVCCM3 Index,Bloomberg Fair Value Price/NYMEX WTI Futures minus ICE Brent Futures Month 3,WTI-Brent  FV Month 3,USD/barrel
FVCCM4 Index,Bloomberg Fair Value Price/NYMEX WTI Futures minus ICE Brent Futures Month 4,WTI-Brent  FV Month 4,USD/barrel
FVCCM5 Index,Bloomberg Fair Value Price/NYMEX WTI Futures minus ICE Brent Futures Month 5,WTI-Brent  FV Month 5,USD/barrel
FVCCM6 Index,Bloomberg Fair Value Price/NYMEX WTI Futures minus ICE Brent Futures Month 6,WTI-Brent  FV Month 6,USD/barrel
FVHCM1 Index,NYMEX Heating Oil Futures minus NYMEX WTI Futures Month 1,HO-WTI Month 1,USD/barrel
FVHCM2 Index,NYMEX Heating Oil Futures minus NYMEX WTI Futures Month 2,HO-WTI Month 2,USD/barrel
FVHCM3 Index,NYMEX Heating Oil Futures minus NYMEX WTI Futures Month 3,HO-WTI Month 3,USD/barrel
FVHCM4 Index,NYMEX Heating Oil Futures minus NYMEX WTI Futures Month 4,HO-WTI Month 4,USD/barrel
FVHCM5 Index,NYMEX Heating Oil Futures minus NYMEX WTI Futures Month 5,HO-WTI Month 5,USD/barrel
FVHCM6 Index,NYMEX Heating Oil Futures minus NYMEX WTI Futures Month 6,HO-WTI Month 6,USD/barrel
FVHQM1 Index,Bloomberg  Price/Nymex Heating Oil ICE Gasoil Trade Month Spread Month 1,HO_GO Trd Mnth Spd FV Month 1,USd/gallon
FVHQM2 Index,Bloomberg Price/Nymex Heating Oil ICE Gasoil Trade Month Spread Month 2,HO_GO Trd Mnth Spd FV Month 2,USd/gallon
FVHQM3 Index,Bloomberg Price/Nymex Heating Oil ICE Gasoil Trade Month Spread Month 3,HO_GO Trd Mnth Spd FV Month 3,USd/gallon
FVHQM4 Index,Bloomberg Price/Nymex Heating Oil ICE Gasoil Trade Month Spread Month 4,HO_GO Trd Mnth Spd FV Month 4,USd/gallon
FVHQM5 Index,Bloomberg Price/Nymex Heating Oil ICE Gasoil Trade Month Spread Month 5,HO_GO Trd Mnth Spd FV Month 5,USd/gallon
FVHQM6 Index,Bloomberg Price/Nymex Heating Oil ICE Gasoil Trade Month Spread Month 6,HO_GO Trd Mnth Spd FV Month 6,USd/gallon
FVHRM1 Index,NYMEX Heating Oil Futures minus ICE Brent Futures Month 1,HO-Brent Month 1,USD/barrel
FVHRM2 Index,NYMEX Heating Oil Futures minus ICE Brent Futures Month 2,HO-Brent Month 2,USD/barrel
FVHRM3 Index,NYMEX Heating Oil Futures minus ICE Brent Futures Month 3,HO-Brent Month 3,USD/barrel
FVHRM4 Index,NYMEX Heating Oil Futures minus ICE Brent Futures Month 4,HO-Brent Month 4,USD/barrel
FVHRM5 Index,NYMEX Heating Oil Futures minus ICE Brent Futures Month 5,HO-Brent Month 5,USD/barrel
FVHRM6 Index,NYMEX Heating Oil Futures minus ICE Brent Futures Month 6,HO-Brent Month 6,USD/barrel
FVQCM1 Index,ICE Gasoil Futures minus ICE Brent Futures Month 1,Gasoil-Brent Month 1,USD/barrel
FVQCM2 Index,ICE Gasoil Futures minus ICE Brent Futures Month 2,Gasoil-Brent Month 2,USD/barrel
FVQCM3 Index,ICE Gasoil Futures minus ICE Brent Futures Month 3,Gasoil-Brent Month 3,USD/barrel
FVQCM4 Index,ICE Gasoil Futures minus ICE Brent Futures Month 4,Gasoil-Brent Month 4,USD/barrel
FVQCM5 Index,ICE Gasoil Futures minus ICE Brent Futures Month 5,Gasoil-Brent Month 5,USD/barrel
FVQCM6 Index,ICE Gasoil Futures minus ICE Brent Futures Month 6,Gasoil-Brent Month 6,USD/barrel
FVXCM1 Index,NYMEX RBOB Gasoline Futures minus NYMEX WTI Futures Month 1,RBOB-WTI Month 1,USD/barrel
FVXCM2 Index,NYMEX RBOB Gasoline Futures minus NYMEX WTI Futures Month 2,RBOB-WTI Month 2,USD/barrel
FVXCM3 Index,NYMEX RBOB Gasoline Futures minus NYMEX WTI Futures Month 3,RBOB-WTI Month 3,USD/barrel
FVXCM4 Index,NYMEX RBOB Gasoline Futures minus NYMEX WTI Futures Month 4,RBOB-WTI Month 4,USD/barrel
FVXCM5 Index,NYMEX RBOB Gasoline Futures minus NYMEX WTI Futures Month 5,RBOB-WTI Month 5,USD/barrel
FVXCM6 Index,NYMEX RBOB Gasoline Futures minus NYMEX WTI Futures Month 6,RBOB-WTI Month 6,USD/barrel
FVXHM1 Index,NYMEX RBOB Gasoline Futures minus NYMEX Heating Oil Futures Month 1,RBOB-HO Month 1,USd/gallon
FVXHM2 Index,NYMEX RBOB Gasoline Futures minus NYMEX Heating Oil Futures Month 2,RBOB-HO Month 2,USd/gallon
FVXHM3 Index,NYMEX RBOB Gasoline Futures minus NYMEX Heating Oil Futures Month 3,RBOB-HO Month 3,USd/gallon
FVXHM4 Index,NYMEX RBOB Gasoline Futures minus NYMEX Heating Oil Futures Month 4,RBOB-HO Month 4,USd/gallon
FVXHM5 Index,NYMEX RBOB Gasoline Futures minus NYMEX Heating Oil Futures Month 5,RBOB-HO Month 5,USd/gallon
FVXHM6 Index,NYMEX RBOB Gasoline Futures minus NYMEX Heating Oil Futures Month 6,RBOB-HO Month 6,USd/gallon
FVXRM1 Index,NYMEX RBOB Gasoline Futures minus ICE Brent Futures Month 1,RBOB-Brent Month 1,USD/barrel
FVXRM2 Index,NYMEX RBOB Gasoline Futures minus ICE Brent Futures Month 2,RBOB-Brent Month 2,USD/barrel
FVXRM3 Index,NYMEX RBOB Gasoline Futures minus ICE Brent Futures Month 3,RBOB-Brent Month 3,USD/barrel
FVXRM4 Index,NYMEX RBOB Gasoline Futures minus ICE Brent Futures Month 4,RBOB-Brent Month 4,USD/barrel
FVXRM5 Index,NYMEX RBOB Gasoline Futures minus ICE Brent Futures Month 5,RBOB-Brent Month 5,USD/barrel
FVXRM6 Index,NYMEX RBOB Gasoline Futures minus ICE Brent Futures Month 6,RBOB-Brent Month 6,USD/barrel
FWJSM1 Index,Bloomberg Fair Value Price/NWE Jet-ICE Gasoil Spread Month 1,NWE Jet- ICE Gasoil Fair Value,USD/metric tonne
FWJSM2 Index,Bloomberg Fair Value Price/NWE Jet-ICE Gasoil Spread Month 2,NWE Jet- ICE Gasoil Fair Value,USD/metric tonne
FWJSM3 Index,Bloomberg Fair Value Price/NWE Jet-ICE Gasoil Spread Month 3,NWE Jet- ICE Gasoil Fair Value,USD/metric tonne
FWJSM4 Index,Bloomberg Fair Value Price/NWE Jet-ICE Gasoil Spread Month 4,NWE Jet- ICE Gasoil Fair Value,USD/metric tonne
FWJSM5 Index,Bloomberg Fair Value Price/NWE Jet-ICE Gasoil Spread Month 5,NWE Jet- ICE Gasoil Fair Value,USD/metric tonne
FWJSM6 Index,Bloomberg Fair Value Price/NWE Jet-ICE Gasoil Spread Month 6,NWE Jet- ICE Gasoil Fair Value,USD/metric tonne
HO1 Comdty,#N/A Field Not Applicable,Generic 1st 'HO' Future,USd/gal.
HO2 Comdty,#N/A Field Not Applicable,Generic 2nd 'HO' Future,USd/gal.
HO3 Comdty,#N/A Field Not Applicable,Generic 3rd 'HO' Future,USd/gal.
HO4 Comdty,#N/A Field Not Applicable,Generic 4th 'HO' Future,USd/gal.
HO5 Comdty,#N/A Field Not Applicable,Generic 5th 'HO' Future,USd/gal.
HO6 Comdty,#N/A Field Not Applicable,Generic 6th 'HO' Future,USd/gal.
QS1 Comdty,#N/A Field Not Applicable,Generic 1st 'QS' Future,USD/MT
QS2 Comdty,#N/A Field Not Applicable,Generic 2nd 'QS' Future,USD/MT
QS3 Comdty,#N/A Field Not Applicable,Generic 3rd 'QS' Future,USD/MT
QS4 Comdty,#N/A Field Not Applicable,Generic 4th 'QS' Future,USD/MT
QS5 Comdty,#N/A Field Not Applicable,Generic 5th 'QS' Future,USD/MT
QS6 Comdty,#N/A Field Not Applicable,Generic 6th 'QS' Future,USD/MT
REJSM1 Index,Bloomberg Fair Value Price/Rotterdam Jet Fuel ICE Gasoil Spread Month 1,Rott Jet-ICE Gasoil Month 1,USD/metric tonne
REJSM2 Index,Bloomberg Fair Value Price/Rotterdam Jet Fuel ICE Gasoil Spread Month 2,Rott Jet-ICE Gasoil Month 2,USD/metric tonne
REJSM3 Index,Bloomberg Fair Value Price/Rotterdam Jet Fuel ICE Gasoil Spread Month 3,Rott Jet-ICE Gasoil Month 3,USD/metric tonne
REJSM4 Index,Bloomberg Fair Value Price/Rotterdam Jet Fuel ICE Gasoil Spread Month 4,Rott Jet-ICE Gasoil Month 4,USD/metric tonne
REJSM5 Index,Bloomberg Fair Value Price/Rotterdam Jet Fuel ICE Gasoil Spread Month 5,Rott Jet-ICE Gasoil Month 5,USD/metric tonne
REJSM6 Index,Bloomberg Fair Value Price/Rotterdam Jet Fuel ICE Gasoil Spread Month 6,Rott Jet-ICE Gasoil Month 6,USD/metric tonne
RSQSM1 Index,Jet Fuel FOB Barges Rotterdam Month 1,Rott Jet Fuel Fair Value,USD/metric tonne
RSQSM2 Index,Jet Fuel FOB Barges Rotterdam Month 2,Rott Jet Fuel Fair Value,USD/metric tonne
RSQSM3 Index,Jet Fuel FOB Barges Rotterdam Month 3,Rott Jet Fuel Fair Value,USD/metric tonne
RSQSM4 Index,Jet Fuel FOB Barges Rotterdam Month 4,Rott Jet Fuel Fair Value,USD/metric tonne
RSQSM5 Index,Jet Fuel FOB Barges Rotterdam Month 5,Rott Jet Fuel Fair Value,USD/metric tonne
RSQSM6 Index,Jet Fuel FOB Barges Rotterdam Month 6,Rott Jet Fuel Fair Value,USD/metric tonne
